firstname,lastname,email,
Ebonee,Croix,Ebonee.Croix@yopmail.com,
Paola,Blake,Paola.Blake@yopmail.com,
Rochette,Macey,Rochette.Macey@yopmail.com,
Ada,Edmund,Ada.Edmund@yopmail.com,
Donnie,Ricki,Donnie.Ricki@yopmail.com,
Hallie,Holbrook,Hallie.Holbrook@yopmail.com,
Cyb,Suanne,Cyb.Suanne@yopmail.com,
Clementine,MacIntosh,Clementine.MacIntosh@yopmail.com,
Feliza,Ahab,Feliza.Ahab@yopmail.com,
Aryn,Fleeta,Aryn.Fleeta@yopmail.com,
Ellette,Greenwald,Ellette.Greenwald@yopmail.com,
Nessie,Pearse,Nessie.Pearse@yopmail.com,
Sue,Henebry,Sue.Henebry@yopmail.com,
Riannon,Rolf,Riannon.Rolf@yopmail.com,
Merry,Margarete,Merry.Margarete@yopmail.com,
Aaren,Amasa,Aaren.Amasa@yopmail.com,
Collen,Weide,Collen.Weide@yopmail.com,
Quintina,Franza,Quintina.Franza@yopmail.com,
Winifred,Yerkovich,Winifred.Yerkovich@yopmail.com,
Bobinette,Selway,Bobinette.Selway@yopmail.com,
